<LayoutModificationTemplate xmlns:defaultlayout="http://schemas.microsoft.com/Start/2014/FullDefaultLayout" xmlns:start="http://schemas.microsoft.com/Start/2014/StartLayout" Version="1" xmlns="http://schemas.microsoft.com/Start/2014/LayoutModification">
  <LayoutOptions StartTileGroupCellWidth="6" />
  <DefaultLayoutOverride>
    <StartLayoutCollection>
      <defaultlayout:StartLayout GroupCellWidth="6">
        <start:Group Name="">
          <start:DesktopApplicationTile Size="2x2" Column="0" Row="0" DesktopApplicationID="{6D809377-6AF0-444B-8957-A3773F02200E}\totalcmd\TOTALCMD64.EXE" />
          <start:DesktopApplicationTile Size="2x2" Column="2" Row="0" DesktopApplicationID="{7C5A40EF-A0FB-4BFC-874A-C0F2E0B9FA8E}\MakeMKV\makemkv.exe" />
        </start:Group>
        <start:Group Name="">
          <start:DesktopApplicationTile Size="2x2" Column="0" Row="0" DesktopApplicationID="{6D809377-6AF0-444B-8957-A3773F02200E}\HandBrake\HandBrake.exe" />
          <start:DesktopApplicationTile Size="2x2" Column="4" Row="0" DesktopApplicationID="Microsoft.AutoGenerated.{A49227EA-5AF0-D494-A3F1-0918A278ED71}" />
          <start:DesktopApplicationTile Size="2x2" Column="2" Row="0" DesktopApplicationID="{7C5A40EF-A0FB-4BFC-874A-C0F2E0B9FA8E}\WinDirStat\windirstat.exe" />
        </start:Group>
        <start:Group Name="">
          <start:DesktopApplicationTile Size="2x2" Column="0" Row="0" DesktopApplicationID="{6D809377-6AF0-444B-8957-A3773F02200E}\Notepad++\notepad++.exe" />
          <start:DesktopApplicationTile Size="2x2" Column="2" Row="0" DesktopApplicationID="TheDocumentFoundation.LibreOffice.Calc" />
          <start:DesktopApplicationTile Size="2x2" Column="4" Row="0" DesktopApplicationID="{1AC14E77-02E7-4E5D-B744-2EB1AE5198B7}\WindowsPowerShell\v1.0\powershell.exe" />
        </start:Group>
        <start:Group Name="">
          <start:DesktopApplicationTile Size="2x2" Column="0" Row="0" DesktopApplicationID="Chrome" />
          <start:DesktopApplicationTile Size="2x2" Column="2" Row="0" DesktopApplicationID="{6D809377-6AF0-444B-8957-A3773F02200E}\JDownloader\JDownloader2.exe" />
        </start:Group>
        <start:Group Name="">
          <start:DesktopApplicationTile Size="2x2" Column="2" Row="0" DesktopApplicationID="{6D809377-6AF0-444B-8957-A3773F02200E}\MKVToolNix\mkvtoolnix-gui.exe" />
          <start:DesktopApplicationTile Size="2x2" Column="0" Row="0" DesktopApplicationID="{6D809377-6AF0-444B-8957-A3773F02200E}\MusicBrainz Picard\picard.exe" />
          <start:Tile Size="2x2" Column="4" Row="0" AppUserModelID="Microsoft.WindowsTerminal_8wekyb3d8bbwe!App" />
        </start:Group>
        <start:Group Name="">
          <start:DesktopApplicationTile Size="2x2" Column="2" Row="0" DesktopApplicationID="308046B0AF4A39CB" />
          <start:DesktopApplicationTile Size="2x2" Column="0" Row="0" DesktopApplicationID="{7C5A40EF-A0FB-4BFC-874A-C0F2E0B9FA8E}\WinSCP\WinSCP.exe" />
        </start:Group>
      </defaultlayout:StartLayout>
    </StartLayoutCollection>
  </DefaultLayoutOverride>
</LayoutModificationTemplate>